county,N,share,nace2
1,151925,0.36556022088812423,ALL
13,63326,0.1523743067168758,ALL
8,16285,0.03918478326255128,ALL
3,15808,0.038037031244360496,ALL
9,15552,0.037421046932710936,ALL
5,15014,0.0361265174027599,ALL
7,13287,0.03197102948784273,ALL
6,13024,0.0313382018551715,ALL
2,12540,0.030173606515959045,ALL
15,12107,0.029131726801333028,ALL
19,10852,0.026111959961019744,ALL
11,10241,0.024641778654699888,ALL
20,8777,0.021119118372453952,ALL
NA,8673,0.020868874745846318,ALL
14,8504,0.02046222885260891,ALL
16,7968,0.01917251170009264,ALL
10,7784,0.018729772976094516,ALL
18,7465,0.017962198775249943,ALL
4,6737,0.016210493388996498,ALL
17,5984,0.014398633284808527,ALL
12,3742,0.009003958180440091,ALL
NA,802,0.1789779067172506,10
1,753,0.16804284757866547,10
13,652,0.14550323588484712,10
3,285,0.06360187458156662,10
15,216,0.04820352599866101,10
9,191,0.042624414193260435,10
5,164,0.03659897344342781,10
4,144,0.032135683999107344,10
6,144,0.032135683999107344,10
8,126,0.028118723499218925,10
2,121,0.02700290113813881,10
7,114,0.025440749832626647,10
16,111,0.024771256415978576,10
11,97,0.021646953804954253,10
14,97,0.021646953804954253,10
19,96,0.021423789332738228,10
10,92,0.020531131443874136,10
20,87,0.01941530908279402,10
17,69,0.015398348582905601,10
18,61,0.013613032805177415,10
12,59,0.01316670386074537,10
NA,998,0.1521805428484294,11
3,450,0.0686184812442818,11
5,399,0.060841720036596526,11
13,367,0.05596218359255871,11
9,363,0.05535224153705398,11
1,348,0.053064958828911254,11
8,324,0.04940530649588289,11
16,322,0.04910033546813053,11
2,320,0.048795364440378165,11
14,310,0.047270509301616345,11
4,308,0.04696553827386398,11
7,292,0.044525770051845076,11
15,265,0.040408661177188165,11
17,256,0.03903629155230253,11
6,252,0.0384263494967978,11
18,203,0.0309545593168649,11
10,201,0.030649588289112534,11
19,200,0.030497102775236352,11
20,164,0.02500762427569381,11
11,138,0.021043000914913082,11
12,78,0.011893870082342177,11
NA,728,0.4581497797356828,12
15,109,0.06859660163624921,12
3,90,0.056639395846444306,12
5,90,0.056639395846444306,12
13,75,0.04719949653870359,12
1,74,0.04657016991818754,12
14,62,0.03901825047199497,12
2,53,0.03335431088735054,12
10,46,0.0289490245437382,12
19,45,0.028319697923222153,12
17,36,0.022655758338577723,12
7,34,0.021397105097545627,12
8,26,0.016362492133417242,12
9,21,0.013215859030837005,12
20,21,0.013215859030837005,12
6,20,0.012586532410320957,12
18,19,0.01195720578980491,12
16,13,0.008181246066708621,12
11,12,0.007551919446192574,12
12,11,0.006922592825676526,12
4,4,0.0025173064820641915,12
NA,704,0.4464172479391249,13
1,236,0.14965123652504755,13
13,135,0.08560558021559923,13
3,61,0.03868103994927077,13
8,45,0.028535193405199746,13
6,41,0.02599873176918199,13
2,34,0.02155992390615092,13
9,31,0.019657577679137603,13
11,31,0.019657577679137603,13
7,29,0.018389346861128725,13
18,29,0.018389346861128725,13
4,28,0.017755231452124286,13
15,28,0.017755231452124286,13
19,28,0.017755231452124286,13
5,23,0.014584654407102092,13
20,22,0.013950538998097653,13
14,20,0.012682308180088777,13
16,17,0.01077996195307546,13
10,14,0.008877615726062143,13
17,13,0.008243500317057704,13
12,8,0.0050729232720355105,13
NA,868,0.2216547497446374,14
1,580,0.1481103166496425,14
13,338,0.08631256384065372,14
3,290,0.07405515832482125,14
9,217,0.05541368743615935,14
2,155,0.03958120531154239,14
15,147,0.037538304392236974,14
5,135,0.03447395301327886,14
8,120,0.030643513789581207,14
4,117,0.029877425944841676,14
19,116,0.0296220633299285,14
16,111,0.028345250255362615,14
20,97,0.02477017364657814,14
7,93,0.023748723186925433,14
14,86,0.021961184882533197,14
6,85,0.02170582226762002,14
18,85,0.02170582226762002,14
11,84,0.021450459652706845,14
17,84,0.021450459652706845,14
10,62,0.015832482124616958,14
12,46,0.01174668028600613,14
NA,711,0.5559030492572322,15
1,79,0.0617670054730258,15
13,60,0.04691164972634871,15
2,44,0.03440187646598905,15
9,40,0.03127443315089914,15
15,38,0.029710711493354185,15
16,38,0.029710711493354185,15
3,36,0.028146989835809225,15
8,28,0.0218921032056294,15
5,25,0.019546520719311962,15
4,23,0.017982799061767005,15
6,21,0.01641907740422205,15
18,20,0.01563721657544957,15
19,20,0.01563721657544957,15
12,18,0.014073494917904612,15
14,16,0.012509773260359656,15
17,16,0.012509773260359656,15
7,15,0.011727912431587178,15
20,13,0.010164190774042221,15
11,12,0.009382329945269743,15
10,6,0.004691164972634871,15
NA,846,0.18837675350701402,16
13,505,0.11244711645513249,16
1,394,0.08773101759073702,16
3,252,0.056112224448897796,16
9,231,0.05143620574482298,16
15,203,0.045201514139389894,16
5,202,0.04497884658205299,16
8,188,0.04186150077933645,16
20,164,0.036517479403250945,16
19,153,0.03406813627254509,16
2,148,0.03295479848586061,16
14,147,0.032732130928523714,16
4,145,0.032286795813849925,16
16,143,0.03184146069917613,16
7,141,0.03139612558450234,16
17,133,0.02961478512580717,16
6,122,0.027165441995101312,16
18,117,0.026052104208416832,16
11,110,0.024493431307058562,16
10,106,0.023602761077710976,16
12,41,0.009129369850812736,16
NA,697,0.5458104933437745,17
1,137,0.10728269381362568,17
13,103,0.08065779169929523,17
9,32,0.025058731401722788,17
3,30,0.023492560689115115,17
11,28,0.02192638997650744,17
15,26,0.020360219263899765,17
5,22,0.017227877838684416,17
6,19,0.014878621769772905,17
7,19,0.014878621769772905,17
20,19,0.014878621769772905,17
8,18,0.014095536413469069,17
16,17,0.01331245105716523,17
19,17,0.01331245105716523,17
2,16,0.012529365700861394,17
4,15,0.011746280344557557,17
10,15,0.011746280344557557,17
18,15,0.011746280344557557,17
14,13,0.010180109631949883,17
12,12,0.009397024275646046,17
17,7,0.00548159749412686,17
1,1083,0.35801652892561986,18
NA,721,0.23834710743801654,18
13,385,0.12727272727272726,18
6,71,0.02347107438016529,18
5,68,0.022479338842975205,18
8,68,0.022479338842975205,18
9,68,0.022479338842975205,18
3,65,0.021487603305785124,18
2,52,0.0171900826446281,18
4,52,0.0171900826446281,18
15,46,0.015206611570247934,18
19,45,0.01487603305785124,18
7,43,0.014214876033057851,18
11,41,0.013553719008264463,18
16,38,0.01256198347107438,18
20,38,0.01256198347107438,18
14,33,0.01090909090909091,18
18,33,0.01090909090909091,18
12,27,0.008925619834710744,18
10,26,0.00859504132231405,18
17,22,0.007272727272727273,18
NA,679,0.9854862119013063,19
1,5,0.00725689404934688,19
2,1,0.001451378809869376,19
7,1,0.001451378809869376,19
8,1,0.001451378809869376,19
11,1,0.001451378809869376,19
15,1,0.001451378809869376,19
NA,711,0.5370090634441088,20
1,204,0.1540785498489426,20
13,95,0.07175226586102719,20
19,33,0.024924471299093656,20
5,31,0.023413897280966767,20
3,27,0.02039274924471299,20
6,27,0.02039274924471299,20
9,22,0.01661631419939577,20
7,19,0.014350453172205438,20
16,19,0.014350453172205438,20
2,18,0.013595166163141994,20
15,17,0.01283987915407855,20
8,16,0.012084592145015106,20
11,16,0.012084592145015106,20
14,14,0.010574018126888218,20
17,13,0.009818731117824773,20
10,11,0.008308157099697885,20
18,10,0.0075528700906344415,20
4,8,0.006042296072507553,20
20,7,0.005287009063444109,20
12,6,0.004531722054380665,20
NA,715,0.3932893289328933,21
14,143,0.07865786578657866,21
5,118,0.06490649064906491,21
1,117,0.06435643564356436,21
20,112,0.061606160616061605,21
13,99,0.054455445544554455,21
19,94,0.0517051705170517,21
2,62,0.034103410341034104,21
3,46,0.025302530253025302,21
10,46,0.025302530253025302,21
15,40,0.022002200220022004,21
18,40,0.022002200220022004,21
9,35,0.019251925192519254,21
8,33,0.018151815181518153,21
12,29,0.01595159515951595,21
16,25,0.013751375137513752,21
17,22,0.0121012101210121,21
6,16,0.0088008800880088,21
7,13,0.007150715071507151,21
11,10,0.005500550055005501,21
4,3,0.0016501650165016502,21
NA,765,0.26461432030439297,22
13,394,0.1362850224835697,22
1,363,0.12556208924247667,22
3,177,0.061224489795918366,22
5,117,0.04047042545831892,22
19,110,0.03804911795226565,22
8,109,0.03770321687997233,22
9,95,0.03286060186786579,22
2,89,0.030785195434105846,22
7,86,0.029747492217225873,22
15,84,0.029055690072639227,22
20,71,0.02455897613282601,22
14,64,0.022137668626772744,22
6,63,0.021791767554479417,22
11,63,0.021791767554479417,22
10,51,0.01764095468695953,22
18,47,0.016257350397786235,22
16,42,0.014527845036319613,22
17,39,0.01349014181943964,22
12,35,0.012106537530266344,22
4,27,0.00933932895191975,22
NA,719,0.3355109659356043,23
1,289,0.134857676154923,23
13,227,0.10592627158189453,23
5,91,0.042463835744283716,23
19,79,0.036864209052729816,23
2,78,0.036397573495100324,23
3,72,0.03359776014932338,23
8,67,0.03126458236117592,23
11,64,0.029864675688287448,23
15,59,0.027531497900139992,23
7,52,0.02426504899673355,23
20,49,0.022865142323845077,23
6,45,0.020998600093327113,23
9,40,0.018665422305179653,23
16,38,0.01773215118992067,23
14,36,0.01679888007466169,23
10,32,0.014932337844143724,23
4,29,0.013532431171255249,23
18,27,0.012599160055996267,23
12,25,0.011665888940737284,23
17,25,0.011665888940737284,23
NA,705,0.4989384288747346,24
13,107,0.07572540693559802,24
1,86,0.06086341118188252,24
5,56,0.039631988676574664,24
14,54,0.03821656050955414,24
19,48,0.03397027600849257,24
2,43,0.03043170559094126,24
8,34,0.024062278839348902,24
20,34,0.024062278839348902,24
3,30,0.021231422505307854,24
10,27,0.01910828025477707,24
11,27,0.01910828025477707,24
15,26,0.01840056617126681,24
9,24,0.016985138004246284,24
12,23,0.01627742392073602,24
7,20,0.014154281670205236,24
18,20,0.014154281670205236,24
6,15,0.010615711252653927,24
17,15,0.010615711252653927,24
16,12,0.008492569002123142,24
4,7,0.004953998584571833,24
1,1223,0.1701446855870896,25
13,983,0.13675570395102948,25
NA,851,0.11839176405119643,25
7,381,0.05300500834724541,25
5,366,0.05091819699499165,25
11,365,0.050779076238174736,25
8,322,0.0447968836950473,25
3,311,0.043266555370061216,25
9,257,0.03575403450194769,25
16,251,0.03491930996104619,25
6,231,0.03213689482470785,25
19,230,0.03199777406789093,25
20,193,0.026850306065665,25
2,189,0.026293823038397328,25
15,188,0.02615470228158041,25
17,188,0.02615470228158041,25
10,173,0.024067890929326655,25
18,134,0.01864218141346689,25
4,128,0.017807456872565387,25
14,128,0.017807456872565387,25
12,96,0.01335559265442404,25
NA,705,0.3580497714575927,26
1,501,0.25444388014220415,26
13,254,0.12899949212798376,26
6,58,0.029456576942610464,26
7,51,0.02590147282884713,26
11,46,0.023362112747587607,26
8,40,0.02031488065007618,26
3,37,0.018791264601320468,26
10,29,0.014728288471305232,26
5,27,0.013712544438801422,26
15,27,0.013712544438801422,26
19,24,0.01218892839004571,26
20,24,0.01218892839004571,26
2,23,0.011681056373793804,26
9,23,0.011681056373793804,26
16,22,0.0111731843575419,26
18,22,0.0111731843575419,26
4,21,0.010665312341289994,26
14,18,0.009141696292534281,26
12,9,0.0045708481462671405,26
17,8,0.004062976130015236,26
NA,693,0.4701492537313433,27
1,257,0.17435549525101765,27
13,125,0.08480325644504749,27
3,40,0.027137042062415198,27
7,32,0.021709633649932156,27
8,32,0.021709633649932156,27
11,31,0.02103120759837178,27
16,29,0.01967435549525102,27
2,28,0.018995929443690638,27
10,28,0.018995929443690638,27
5,22,0.014925373134328358,27
6,22,0.014925373134328358,27
17,21,0.014246947082767978,27
19,21,0.014246947082767978,27
9,18,0.012211668928086838,27
4,16,0.010854816824966078,27
20,15,0.0101763907734057,27
14,13,0.008819538670284939,27
18,13,0.008819538670284939,27
15,10,0.0067842605156037995,27
12,8,0.005427408412483039,27
NA,748,0.25757575757575757,28
1,565,0.19455922865013775,28
13,359,0.12362258953168044,28
8,118,0.040633608815427,28
3,113,0.038911845730027546,28
5,99,0.03409090909090909,28
9,92,0.03168044077134986,28
7,88,0.030303030303030304,28
11,86,0.029614325068870524,28
15,75,0.025826446280991736,28
6,72,0.024793388429752067,28
10,67,0.023071625344352618,28
16,66,0.022727272727272728,28
2,62,0.02134986225895317,28
19,59,0.0203168044077135,28
20,54,0.01859504132231405,28
4,47,0.01618457300275482,28
17,36,0.012396694214876033,28
18,35,0.012052341597796144,28
12,32,0.011019283746556474,28
14,31,0.010674931129476584,28
NA,700,0.611353711790393,29
13,92,0.08034934497816594,29
1,68,0.059388646288209605,29
7,42,0.03668122270742358,29
8,36,0.0314410480349345,29
3,31,0.027074235807860263,29
11,29,0.025327510917030567,29
5,17,0.014847161572052401,29
19,16,0.013973799126637555,29
9,13,0.011353711790393014,29
18,13,0.011353711790393014,29
2,12,0.010480349344978166,29
6,12,0.010480349344978166,29
15,11,0.00960698689956332,29
10,10,0.008733624454148471,29
16,10,0.008733624454148471,29
14,8,0.0069868995633187774,29
20,8,0.0069868995633187774,29
4,7,0.00611353711790393,29
12,6,0.005240174672489083,29
17,4,0.0034934497816593887,29
NA,686,0.7489082969432315,30
1,78,0.0851528384279476,30
13,48,0.05240174672489083,30
19,16,0.017467248908296942,30
7,14,0.015283842794759825,30
2,10,0.010917030567685589,30
3,9,0.009825327510917031,30
5,9,0.009825327510917031,30
8,8,0.008733624454148471,30
11,7,0.007641921397379912,30
6,6,0.006550218340611353,30
14,5,0.0054585152838427945,30
20,5,0.0054585152838427945,30
16,4,0.004366812227074236,30
9,3,0.0032751091703056767,30
15,3,0.0032751091703056767,30
17,2,0.002183406113537118,30
18,2,0.002183406113537118,30
10,1,0.001091703056768559,30
NA,732,0.28604923798358733,31
1,440,0.17194216490816724,31
13,310,0.1211410707307542,31
7,107,0.04181320828448613,31
8,97,0.037905431809300505,31
3,90,0.035169988276670575,31
15,83,0.032434544744040644,31
20,78,0.03048065650644783,31
11,73,0.028526768268855023,31
19,68,0.02657288003126221,31
9,67,0.02618210238374365,31
5,65,0.025400547088706527,31
2,57,0.022274325908558032,31
18,57,0.022274325908558032,31
6,48,0.018757327080890972,31
4,44,0.017194216490816726,31
10,35,0.013677217663149667,31
16,33,0.012895662368112544,31
17,28,0.010941774130519734,31
12,24,0.009378663540445486,31
14,23,0.008987885892926924,31
NA,727,0.28554595443833464,32
1,516,0.20267085624509035,32
13,285,0.11194029850746269,32
8,115,0.045168892380204245,32
6,101,0.0396700706991359,32
9,96,0.037706205813040065,32
3,72,0.028279654359780047,32
2,67,0.02631578947368421,32
5,59,0.023173605655930872,32
15,59,0.023173605655930872,32
4,55,0.021602513747054203,32
10,52,0.0204241948153967,32
11,51,0.020031421838177535,32
7,44,0.01728201099764336,32
14,42,0.016496465043205028,32
16,40,0.015710919088766692,32
20,40,0.015710919088766692,32
17,38,0.014925373134328358,32
18,36,0.014139827179890024,32
19,30,0.01178318931657502,32
12,21,0.008248232521602514,32
1,755,0.22523866348448687,33
NA,716,0.21360381861575178,33
13,495,0.14767303102625298,33
7,136,0.0405727923627685,33
8,129,0.038484486873508354,33
11,115,0.034307875894988064,33
3,111,0.0331145584725537,33
5,109,0.03251789976133652,33
9,103,0.030727923627684964,33
6,96,0.028639618138424822,33
19,75,0.02237470167064439,33
20,74,0.0220763723150358,33
15,71,0.021181384248210023,33
16,66,0.019689737470167064,33
10,64,0.01909307875894988,33
2,59,0.017601431980906922,33
14,48,0.014319809069212411,33
4,42,0.012529832935560859,33
18,39,0.011634844868735084,33
17,30,0.008949880668257757,33
12,19,0.0056682577565632455,33
NA,678,0.9970588235294118,34
1,1,0.0014705882352941176,34
13,1,0.0014705882352941176,34
1,753,0.26209537069265576,35
NA,730,0.25408980160111383,35
13,226,0.07866341802993387,35
2,144,0.05012182387747999,35
9,113,0.03933170901496694,35
3,104,0.03619909502262444,35
5,104,0.03619909502262444,35
6,103,0.035851026801253044,35
15,96,0.033414549251653325,35
7,78,0.027149321266968326,35
8,68,0.023668639053254437,35
11,59,0.020536025060911938,35
17,50,0.01740341106856944,35
18,49,0.017055342847198052,35
19,41,0.01427079707622694,35
20,34,0.011834319526627219,35
10,31,0.010790114862513052,35
14,31,0.010790114862513052,35
16,27,0.009397841977027498,35
4,26,0.00904977375565611,35
12,6,0.002088409328228333,35
NA,682,0.7502750275027503,36
13,30,0.033003300330033,36
1,26,0.028602860286028604,36
5,18,0.019801980198019802,36
20,18,0.019801980198019802,36
6,15,0.0165016501650165,36
17,15,0.0165016501650165,36
2,14,0.015401540154015401,36
15,14,0.015401540154015401,36
3,11,0.0121012101210121,36
7,11,0.0121012101210121,36
4,10,0.011001100110011002,36
8,9,0.009900990099009901,36
9,7,0.007700770077007701,36
10,7,0.007700770077007701,36
11,5,0.005500550055005501,36
16,5,0.005500550055005501,36
14,4,0.0044004400440044,36
19,4,0.0044004400440044,36
18,3,0.0033003300330033004,36
12,1,0.0011001100110011,36
NA,681,0.8011764705882353,37
13,34,0.04,37
1,23,0.027058823529411764,37
5,13,0.015294117647058824,37
7,11,0.012941176470588235,37
9,10,0.011764705882352941,37
2,8,0.009411764705882352,37
3,8,0.009411764705882352,37
15,8,0.009411764705882352,37
18,8,0.009411764705882352,37
19,7,0.00823529411764706,37
6,6,0.007058823529411765,37
10,6,0.007058823529411765,37
11,6,0.007058823529411765,37
20,5,0.0058823529411764705,37
8,4,0.004705882352941176,37
16,4,0.004705882352941176,37
12,3,0.0035294117647058825,37
4,2,0.002352941176470588,37
14,2,0.002352941176470588,37
17,1,0.001176470588235294,37
NA,720,0.41119360365505425,38
1,225,0.12849800114220444,38
13,173,0.09880068532267276,38
3,55,0.03141062250142775,38
7,51,0.02912621359223301,38
5,48,0.02741290691033695,38
6,48,0.02741290691033695,38
9,46,0.026270702455739578,38
8,40,0.022844089091947458,38
19,38,0.021701884637350087,38
14,35,0.019988577955454025,38
2,34,0.019417475728155338,38
4,34,0.019417475728155338,38
11,34,0.019417475728155338,38
15,32,0.018275271273557967,38
16,29,0.01656196459166191,38
18,26,0.014848657909765849,38
20,25,0.014277555682467162,38
10,22,0.012564249000571102,38
12,22,0.012564249000571102,38
17,14,0.00799543118218161,38
NA,680,0.845771144278607,39
1,41,0.05099502487562189,39
13,14,0.017412935323383085,39
8,8,0.009950248756218905,39
3,7,0.008706467661691543,39
9,7,0.008706467661691543,39
4,6,0.007462686567164179,39
14,6,0.007462686567164179,39
19,6,0.007462686567164179,39
2,4,0.004975124378109453,39
6,4,0.004975124378109453,39
15,4,0.004975124378109453,39
20,4,0.004975124378109453,39
11,3,0.0037313432835820895,39
5,2,0.0024875621890547263,39
10,2,0.0024875621890547263,39
16,2,0.0024875621890547263,39
18,2,0.0024875621890547263,39
7,1,0.0012437810945273632,39
17,1,0.0012437810945273632,39
1,5105,0.303796715067841,41
13,2840,0.16900737919542966,41
NA,912,0.054272792192335155,41
15,706,0.04201380623661033,41
8,683,0.040645084503689595,41
9,639,0.03802666031897167,41
5,588,0.03499166865032135,41
7,554,0.032968340871221136,41
3,549,0.03267079266841228,41
2,495,0.02945727207807665,41
6,459,0.027314925017852893,41
19,430,0.025589145441561535,41
11,423,0.025172577957629137,41
10,376,0.0223756248512259,41
14,365,0.021721018805046417,41
16,359,0.021363960961675792,41
20,292,0.017376815044037135,41
18,286,0.017019757200666508,41
17,283,0.016841228278981196,41
4,249,0.01481790049988098,41
12,211,0.012556534158533682,41
1,947,0.20261018399657682,42
NA,742,0.15875053487376978,42
13,732,0.15661103979460847,42
9,202,0.04321780059905862,42
5,196,0.04193410355156183,42
15,194,0.04150620453572957,42
6,156,0.03337612323491656,42
3,149,0.03187847667950364,42
7,143,0.030594779632006845,42
16,134,0.02866923406076166,42
8,128,0.02738553701326487,42
11,120,0.025673940949935817,42
2,119,0.025459991442019683,42
10,116,0.024818142918271287,42
20,105,0.022464698331193838,42
19,100,0.02139495079161318,42
14,94,0.02011125374411639,42
4,85,0.018185708172871202,42
17,82,0.017543859649122806,42
18,73,0.01561831407787762,42
12,57,0.012195121951219513,42
1,5360,0.2408664000359502,43
13,4120,0.18514357614703636,43
8,1057,0.04749921358917899,43
NA,1035,0.04651058284276277,43
5,1024,0.046016267469554666,43
7,996,0.04475801015593403,43
9,960,0.0431402507527075,43
3,889,0.03994966970745518,43
11,767,0.03446726284096526,43
2,748,0.03361344537815126,43
6,742,0.03334381881094684,43
15,674,0.030288051049296723,43
19,644,0.028939918213274615,43
16,504,0.022648631645171436,43
20,471,0.021165685525547116,43
18,417,0.018739046420707322,43
10,413,0.018559295375904374,43
17,406,0.018244731047499213,43
14,403,0.018109917763897004,43
4,372,0.016716847166674157,43
12,251,0.011279378061384982,43
1,4459,0.2578499971086567,45
13,3233,0.18695425894870757,45
NA,1007,0.05823165442664662,45
3,926,0.05354767825131556,45
8,749,0.043312322905221766,45
9,734,0.04244491990979009,45
15,655,0.037876597467183255,45
5,625,0.0361417914763199,45
7,605,0.03498525414907766,45
6,513,0.02966518244376337,45
2,490,0.0283351645174348,45
11,483,0.027930376452900016,45
19,419,0.02422945700572486,45
14,364,0.021048979355808708,45
10,342,0.01977678829584225,45
16,325,0.018793731567686347,45
18,325,0.018793731567686347,45
20,314,0.018157636037703116,45
4,289,0.016711964378650322,45
17,282,0.01630717631411554,45
12,154,0.008905337419765224,45
1,12416,0.39885637187188794,46
13,4605,0.1479327957852806,46
NA,1319,0.04237206463426387,46
3,1252,0.0402197307976485,46
9,1158,0.037200038549262744,46
6,1101,0.03536894856885862,46
8,1047,0.03363423174531787,46
15,986,0.031674644222429243,46
5,809,0.025988627967490123,46
7,779,0.025024896398856373,46
2,758,0.024350284300812746,46
19,692,0.022230074849818496,46
11,688,0.022101577307333996,46
20,532,0.0170901731504385,46
16,526,0.01689742683671175,46
14,504,0.016190690353047,46
4,499,0.016030068424941372,46
10,445,0.014295351601400623,46
18,422,0.013556490732114748,46
17,375,0.012046644607921873,46
12,216,0.006938867294162999,46
1,14602,0.32293878273177634,47
13,6741,0.1490843949044586,47
3,2041,0.04513888888888889,47
9,1917,0.04239649681528662,47
5,1860,0.04113588110403397,47
8,1761,0.038946390658174096,47
6,1530,0.033837579617834394,47
15,1522,0.03366065109695683,47
2,1388,0.03069709837225761,47
7,1374,0.03038747346072187,47
NA,1357,0.03001150035385704,47
19,1167,0.025809447983014863,47
11,1143,0.025278662420382167,47
16,1031,0.02280166312809625,47
20,994,0.02198336871903751,47
14,972,0.021496815286624203,47
10,914,0.020214083510261854,47
18,889,0.019661181882519464,47
4,837,0.018511146496815286,47
17,730,0.016144727530077847,47
12,446,0.009863765038924275,47
13,2032,0.1933764750666159,49
1,1857,0.17672249714503235,49
NA,891,0.08479253901789113,49
3,586,0.05576703464027408,49
8,509,0.04843928435477731,49
7,474,0.0451084887704606,49
5,418,0.03977921583555386,49
11,404,0.03844689760182718,49
9,398,0.03787590407308717,49
15,390,0.037114579368100496,49
19,340,0.03235629996193377,49
6,313,0.02978682908260373,49
2,257,0.024457556147696992,49
10,245,0.023315569090216978,49
16,240,0.022839741149600305,49
20,239,0.02274457556147697,49
14,214,0.020365435858393604,49
18,206,0.019604111153406927,49
4,203,0.019318614389036926,49
17,172,0.016368481157213552,49
12,120,0.011419870574800152,49
NA,678,0.8349753694581281,50
1,64,0.07881773399014778,50
13,23,0.02832512315270936,50
7,7,0.008620689655172414,50
6,6,0.007389162561576354,50
5,4,0.0049261083743842365,50
14,4,0.0049261083743842365,50
19,4,0.0049261083743842365,50
3,3,0.003694581280788177,50
8,3,0.003694581280788177,50
11,3,0.003694581280788177,50
16,3,0.003694581280788177,50
17,3,0.003694581280788177,50
9,2,0.0024630541871921183,50
20,2,0.0024630541871921183,50
2,1,0.0012315270935960591,50
4,1,0.0012315270935960591,50
18,1,0.0012315270935960591,50
NA,685,0.8605527638190955,51
1,49,0.06155778894472362,51
13,23,0.028894472361809045,51
19,8,0.010050251256281407,51
7,6,0.007537688442211055,51
9,3,0.0037688442211055275,51
2,2,0.002512562814070352,51
3,2,0.002512562814070352,51
4,2,0.002512562814070352,51
8,2,0.002512562814070352,51
11,2,0.002512562814070352,51
15,2,0.002512562814070352,51
17,2,0.002512562814070352,51
20,2,0.002512562814070352,51
5,1,0.001256281407035176,51
6,1,0.001256281407035176,51
10,1,0.001256281407035176,51
12,1,0.001256281407035176,51
14,1,0.001256281407035176,51
16,1,0.001256281407035176,51
1,1162,0.2907907907907908,52
NA,776,0.1941941941941942,52
13,632,0.15815815815815815,52
8,176,0.044044044044044044,52
15,135,0.033783783783783786,52
3,123,0.03078078078078078,52
9,108,0.02702702702702703,52
6,95,0.023773773773773772,52
7,94,0.023523523523523524,52
11,84,0.021021021021021023,52
5,78,0.01951951951951952,52
16,78,0.01951951951951952,52
19,63,0.015765765765765764,52
10,61,0.015265265265265265,52
18,57,0.014264264264264264,52
20,57,0.014264264264264264,52
2,56,0.014014014014014014,52
4,54,0.013513513513513514,52
14,50,0.012512512512512513,52
17,35,0.008758758758758759,52
12,22,0.0055055055055055055,52
NA,691,0.5176029962546816,53
1,289,0.21647940074906366,53
13,124,0.09288389513108614,53
8,25,0.018726591760299626,53
7,18,0.01348314606741573,53
15,17,0.012734082397003745,53
2,15,0.011235955056179775,53
3,15,0.011235955056179775,53
11,15,0.011235955056179775,53
10,14,0.010486891385767791,53
17,13,0.009737827715355805,53
6,12,0.008988764044943821,53
14,12,0.008988764044943821,53
5,11,0.008239700374531835,53
12,11,0.008239700374531835,53
16,11,0.008239700374531835,53
20,11,0.008239700374531835,53
9,10,0.00749063670411985,53
19,10,0.00749063670411985,53
4,6,0.0044943820224719105,53
18,5,0.003745318352059925,53
1,1104,0.23767491926803014,55
NA,779,0.16770721205597416,55
13,295,0.06350914962325081,55
5,254,0.05468245425188375,55
19,236,0.050807319698600646,55
20,193,0.04155005382131324,55
14,190,0.04090419806243272,55
8,184,0.03961248654467169,55
9,167,0.03595263724434876,55
2,163,0.035091496232508075,55
15,142,0.030570505920344455,55
10,134,0.02884822389666308,55
3,123,0.026480086114101183,55
18,116,0.024973089343379978,55
11,112,0.02411194833153929,55
6,106,0.022820236813778257,55
7,94,0.020236813778256188,55
4,74,0.015931108719052744,55
16,73,0.01571582346609257,55
17,56,0.012055974165769645,55
12,50,0.010764262648008612,55
1,5899,0.356219806763285,56
13,1982,0.11968599033816425,56
NA,935,0.05646135265700483,56
8,671,0.04051932367149758,56
5,607,0.03665458937198068,56
3,570,0.034420289855072464,56
6,564,0.034057971014492754,56
19,555,0.03351449275362319,56
9,541,0.03266908212560386,56
14,499,0.030132850241545894,56
2,492,0.029710144927536233,56
7,470,0.028381642512077296,56
20,429,0.025905797101449274,56
15,374,0.022584541062801933,56
18,363,0.021920289855072463,56
11,356,0.021497584541062802,56
10,348,0.021014492753623187,56
16,286,0.017270531400966183,56
4,276,0.016666666666666666,56
17,224,0.01352657004830918,56
12,119,0.0071859903381642515,56
NA,677,0.9985250737463127,57
1,1,0.0014749262536873156,57
1,1703,0.46747186384847655,58
NA,714,0.1959923140269009,58
13,417,0.11446609936865221,58
6,74,0.020312928904748832,58
8,72,0.01976393082624211,58
2,70,0.019214932747735385,58
9,65,0.01784243755146857,58
7,60,0.016469942355201758,58
3,58,0.01592094427669503,58
5,52,0.014273950041174856,58
19,51,0.013999451001921494,58
15,48,0.013175953884161406,58
20,42,0.01152895964864123,58
18,36,0.009881965413121054,58
4,33,0.009058468295360967,58
10,29,0.007960472138347515,58
16,27,0.007411474059840791,58
14,26,0.007136975020587428,58
11,24,0.006587976942080703,58
17,23,0.00631347790282734,58
12,19,0.00521548174581389,58
1,1986,0.5460544404729173,59
NA,720,0.19796535606268903,59
13,487,0.13390156722573548,59
7,46,0.012647786637338466,59
2,41,0.011273027220236459,59
8,39,0.010723123453395655,59
5,37,0.010173219686554854,59
19,34,0.009348364036293648,59
3,33,0.009073412152873246,59
6,32,0.008798460269452846,59
9,31,0.008523508386032445,59
10,20,0.005499037668408029,59
11,20,0.005499037668408029,59
12,18,0.004949133901567226,59
14,16,0.004399230134726423,59
18,16,0.004399230134726423,59
15,14,0.00384932636788562,59
16,14,0.00384932636788562,59
4,13,0.0035743744844652188,59
20,13,0.0035743744844652188,59
17,7,0.00192466318394281,59
NA,688,0.6008733624454149,60
1,171,0.14934497816593886,60
13,69,0.06026200873362445,60
5,22,0.01921397379912664,60
3,18,0.01572052401746725,60
19,18,0.01572052401746725,60
6,16,0.013973799126637555,60
7,15,0.013100436681222707,60
17,14,0.01222707423580786,60
14,13,0.011353711790393014,60
15,12,0.010480349344978166,60
18,12,0.010480349344978166,60
2,11,0.00960698689956332,60
4,11,0.00960698689956332,60
11,11,0.00960698689956332,60
8,10,0.008733624454148471,60
16,10,0.008733624454148471,60
9,9,0.007860262008733625,60
20,6,0.005240174672489083,60
10,5,0.004366812227074236,60
12,4,0.0034934497816593887,60
NA,693,0.45772787318361957,61
1,305,0.20145310435931307,61
13,109,0.07199471598414796,61
5,57,0.037648612945838836,61
3,43,0.028401585204755615,61
9,33,0.021796565389696168,61
2,28,0.018494055482166448,61
6,26,0.017173051519154558,61
18,26,0.017173051519154558,61
20,26,0.017173051519154558,61
4,25,0.016512549537648614,61
8,24,0.015852047556142668,61
7,23,0.015191545574636724,61
19,18,0.011889035667107,61
15,17,0.011228533685601057,61
11,16,0.010568031704095112,61
12,14,0.009247027741083224,61
14,11,0.00726552179656539,61
16,8,0.005284015852047556,61
10,6,0.003963011889035667,61
17,6,0.003963011889035667,61
1,6907,0.488299752562743,62
13,2421,0.1711558854718982,62
NA,878,0.06207140332272888,62
7,401,0.02834924001413927,62
6,365,0.025804171085189113,62
9,350,0.024743725698126547,62
8,340,0.024036762106751503,62
3,298,0.021067515022976317,62
2,274,0.01937080240367621,62
5,251,0.01774478614351361,62
11,238,0.016825733474726053,62
19,237,0.016755037115588546,62
15,177,0.012513255567338281,62
10,170,0.012018381053375752,62
14,161,0.011382113821138212,62
18,131,0.009261223047013078,62
16,125,0.008837044892188053,62
20,118,0.008342170378225522,62
17,116,0.008200777659950512,62
4,115,0.008130081300813009,62
12,72,0.005090137857900318,62
1,1828,0.4408005787316132,63
NA,719,0.1733783457921389,63
13,535,0.1290089221123704,63
6,97,0.023390402700747527,63
7,94,0.022666988184229565,63
8,94,0.022666988184229565,63
3,90,0.021702435495538942,63
5,85,0.02049674463467567,63
9,79,0.01904991560163974,63
19,66,0.015915119363395226,63
2,65,0.01567398119122257,63
11,50,0.012056908608632746,63
15,50,0.012056908608632746,63
10,48,0.011574632264287437,63
18,47,0.011333494092114782,63
20,45,0.010851217747769471,63
4,38,0.009163250542560888,63
14,38,0.009163250542560888,63
16,36,0.008680974198215577,63
17,26,0.006269592476489028,63
12,17,0.004099348926935134,63
1,2416,0.5670030509270124,64
NA,731,0.17155597277634357,64
13,346,0.0812015958695142,64
8,82,0.019244308847688334,64
5,78,0.01830556207463037,64
7,75,0.017601501994836892,64
3,68,0.01595869514198545,64
6,59,0.013846514902605023,64
19,51,0.011969021356489086,64
20,48,0.011264961276695611,64
11,40,0.009387467730579677,64
2,39,0.009152781037315184,64
15,38,0.008918094344050692,64
9,37,0.0086834076507862,64
14,31,0.007275287491199249,64
18,25,0.005867167331612298,64
17,24,0.005632480638347806,64
16,23,0.005397793945083313,64
4,20,0.004693733865289838,64
10,19,0.004459047172025346,64
12,11,0.002581553625909411,64
NA,677,0.9286694101508917,65
1,31,0.04252400548696845,65
13,10,0.013717421124828532,65
2,2,0.0027434842249657062,65
3,2,0.0027434842249657062,65
4,2,0.0027434842249657062,65
6,1,0.0013717421124828531,65
10,1,0.0013717421124828531,65
15,1,0.0013717421124828531,65
16,1,0.0013717421124828531,65
17,1,0.0013717421124828531,65
1,2048,0.3103500530383391,66
13,888,0.13456584330959237,66
NA,764,0.11577511744203667,66
5,251,0.03803606607061676,66
8,249,0.03773298984694651,66
9,229,0.034702227610243976,66
2,224,0.03394453705106834,66
3,210,0.031823003485376575,66
6,194,0.029398393696014546,66
11,192,0.029095317472344295,66
7,169,0.025609940900136383,66
19,157,0.023791483558114866,66
15,152,0.023033792998939234,66
14,150,0.02273071677526898,66
20,137,0.020760721321412334,66
16,123,0.018639187755720564,66
4,111,0.016820730413699046,66
18,107,0.01621457796635854,66
10,97,0.014699196848007273,66
17,92,0.013941506288831642,66
12,55,0.00833459615093196,66
NA,677,0.9985250737463127,67
16,1,0.0014749262536873156,67
1,18791,0.4988319617732944,68
13,4427,0.11752057340058401,68
8,1672,0.044385452614812845,68
NA,1369,0.03634191664454473,68
9,1041,0.027634722590921156,68
2,1002,0.026599415980886647,68
3,951,0.025245553490841517,68
19,895,0.023758959384125297,68
7,843,0.02237855057074595,68
6,812,0.021555614547385187,68
11,747,0.019830103530661003,68
20,744,0.01975046456065835,68
5,733,0.01945845500398195,68
18,695,0.018449694717281657,68
14,627,0.01664454473055482,68
15,617,0.016379081497212636,68
10,483,0.012821874170427397,68
16,406,0.010777807273692593,68
4,310,0.008229360233607645,68
17,302,0.0080169896469339,68
12,203,0.005388903636846297,68
1,5606,0.3603059322578572,69
13,2387,0.15341602930779613,69
NA,891,0.05726589112410823,69
3,584,0.03753454592197442,69
9,523,0.0336139854746449,69
5,517,0.033228356578186256,69
7,508,0.0326499132334983,69
8,506,0.032521370268012086,69
6,498,0.03200719840606723,69
15,455,0.029243524648113632,69
2,441,0.028343723889710137,69
11,376,0.024166077511408188,69
19,317,0.02037406002956488,69
20,308,0.01979561668487692,69
10,287,0.018445915547271676,69
16,274,0.017610386271611288,69
14,261,0.016774856995950896,69
18,252,0.016196413651262936,69
4,231,0.01484671251365769,69
17,229,0.014718169548171477,69
12,108,0.006941320136255543,69
1,10311,0.520547253634895,70
13,2877,0.14524434571890146,70
NA,955,0.04821284329563812,70
8,491,0.024787964458804525,70
9,479,0.02418214862681745,70
7,460,0.023222940226171242,70
6,450,0.022718093699515347,70
5,433,0.021859854604200323,70
3,395,0.019941437802907917,70
2,389,0.019638529886914377,70
15,333,0.016811389337641355,70
19,316,0.015953150242326332,70
11,285,0.014388126009693053,70
14,259,0.013075525040387722,70
10,256,0.012924071082390954,70
20,254,0.012823101777059774,70
18,238,0.012015347334410339,70
16,190,0.009592084006462035,70
17,178,0.00898626817447496,70
4,151,0.007623182552504039,70
12,108,0.005452342487883684,70
1,5919,0.367891105724408,71
13,2370,0.1473056125303002,71
NA,924,0.05743054260674995,71
8,675,0.04195413015103487,71
5,570,0.03542793212754056,71
2,527,0.03275529865125241,71
7,526,0.03269314438436199,71
9,520,0.03232021878301945,71
3,480,0.029834048107402575,71
6,462,0.028715271303374975,71
19,401,0.024923861023059234,71
15,377,0.023432158617689103,71
11,370,0.02299707874945615,71
20,369,0.02293492448256573,71
18,258,0.016035800857728884,71
16,255,0.015849338057057617,71
14,244,0.015165641121262974,71
17,243,0.015103486854372553,71
10,237,0.01473056125303002,71
4,217,0.01348747591522158,71
12,145,0.009012368699111194,71
1,1407,0.37580128205128205,72
NA,738,0.1971153846153846,72
13,365,0.09748931623931624,72
6,189,0.05048076923076923,72
9,186,0.049679487179487176,72
2,131,0.03498931623931624,72
5,92,0.024572649572649572,72
19,86,0.022970085470085472,72
8,84,0.022435897435897436,72
7,78,0.020833333333333332,72
3,73,0.019497863247863248,72
10,45,0.01201923076923077,72
11,44,0.011752136752136752,72
15,43,0.011485042735042736,72
20,36,0.009615384615384616,72
16,31,0.00827991452991453,72
14,26,0.006944444444444444,72
12,24,0.00641025641025641,72
17,23,0.006143162393162393,72
18,23,0.006143162393162393,72
4,20,0.005341880341880342,72
1,2642,0.4661256175017643,73
13,774,0.1365561044460127,73
NA,742,0.1309103740296401,73
6,138,0.024347212420606917,73
9,136,0.02399435426958363,73
8,134,0.02364149611856034,73
2,133,0.023465067043048696,73
7,119,0.020995059985885675,73
3,113,0.01993648553281581,73
5,88,0.015525758645024701,73
19,86,0.015172900494001412,73
20,69,0.012173606210303459,73
11,67,0.01182074805928017,73
14,66,0.011644318983768526,73
18,64,0.011291460832745237,73
15,63,0.011115031757233593,73
10,54,0.009527170077628794,73
16,54,0.009527170077628794,73
4,53,0.00935074100211715,73
12,37,0.00652787579393084,73
17,36,0.006351446718419196,73
1,2866,0.3922266319967155,74
13,1008,0.13794991104420418,74
NA,765,0.1046941289174764,74
8,252,0.034487477761051044,74
9,222,0.030381825646640208,74
6,210,0.02873956480087587,74
3,193,0.02641302860270973,74
2,191,0.02613931846174901,74
7,191,0.02613931846174901,74
5,188,0.025728753250307924,74
19,167,0.022854796770220336,74
15,143,0.019570275078691666,74
11,138,0.01888599972628986,74
20,117,0.01601204324620227,74
14,115,0.01573833310524155,74
16,114,0.015601478034761187,74
18,108,0.01478034761187902,74
4,104,0.014232927329957575,74
17,91,0.012453811413712879,74
10,84,0.01149582592035035,74
12,40,0.0054742028192144515,74
NA,692,0.48766737138830163,75
1,153,0.10782241014799154,75
13,137,0.09654686398872446,75
3,41,0.028893587033121917,75
9,39,0.02748414376321353,75
8,36,0.02536997885835095,75
5,34,0.023960535588442564,75
11,31,0.021846370683579985,75
16,30,0.021141649048625793,75
7,28,0.019732205778717406,75
19,25,0.017618040873854827,75
2,24,0.016913319238900635,75
4,21,0.014799154334038054,75
15,21,0.014799154334038054,75
14,19,0.013389711064129669,75
10,17,0.011980267794221282,75
20,17,0.011980267794221282,75
6,16,0.01127554615926709,75
18,16,0.01127554615926709,75
17,15,0.010570824524312896,75
12,7,0.004933051444679351,75
NA,677,0.9970544918998527,76
11,1,0.0014727540500736377,76
15,1,0.0014727540500736377,76
1,1277,0.31593270658090056,77
NA,740,0.1830776843146957,77
13,570,0.14101929737753588,77
8,165,0.04082137555665512,77
7,119,0.029440870856011877,77
9,110,0.027214250371103414,77
5,109,0.026966848095002473,77
19,103,0.025482434438396834,77
3,99,0.024492825333993072,77
6,97,0.023998020781791193,77
2,88,0.02177140029688273,77
20,71,0.01756556160316675,77
18,70,0.017318159327065808,77
15,69,0.01707075705096487,77
11,66,0.01632855022266205,77
10,61,0.015091538842157347,77
14,60,0.014844136566056407,77
16,57,0.014101929737753587,77
4,45,0.011133102424542306,77
12,34,0.008411677387431964,77
17,32,0.007916872835230085,77
NA,702,0.36260330578512395,78
1,541,0.2794421487603306,78
13,207,0.10692148760330579,78
8,56,0.028925619834710745,78
5,50,0.025826446280991736,78
11,46,0.023760330578512397,78
7,38,0.01962809917355372,78
15,38,0.01962809917355372,78
6,34,0.01756198347107438,78
9,27,0.013946280991735538,78
2,24,0.012396694214876033,78
16,24,0.012396694214876033,78
20,24,0.012396694214876033,78
19,23,0.011880165289256199,78
18,21,0.01084710743801653,78
14,19,0.00981404958677686,78
3,17,0.00878099173553719,78
10,17,0.00878099173553719,78
4,13,0.006714876033057851,78
12,8,0.004132231404958678,78
17,7,0.003615702479338843,78
1,858,0.3963048498845266,79
NA,695,0.3210161662817552,79
13,152,0.07020785219399538,79
19,44,0.020323325635103928,79
20,43,0.019861431870669747,79
3,39,0.018013856812933025,79
14,38,0.017551963048498844,79
9,33,0.015242494226327945,79
5,32,0.014780600461893764,79
6,28,0.012933025404157044,79
8,28,0.012933025404157044,79
11,26,0.012009237875288684,79
2,25,0.011547344110854504,79
15,24,0.011085450346420323,79
4,18,0.008314087759815243,79
18,18,0.008314087759815243,79
7,15,0.006928406466512702,79
10,15,0.006928406466512702,79
17,13,0.006004618937644342,79
16,12,0.005542725173210162,79
12,9,0.004157043879907622,79
1,1036,0.3329048843187661,80
NA,719,0.23104113110539845,80
13,471,0.1513496143958869,80
9,79,0.02538560411311054,80
5,73,0.02345758354755784,80
15,70,0.02249357326478149,80
8,67,0.021529562982005142,80
3,64,0.02056555269922879,80
6,61,0.01960154241645244,80
11,60,0.019280205655526992,80
7,55,0.017673521850899744,80
2,48,0.015424164524421594,80
14,47,0.015102827763496144,80
10,45,0.014460154241645245,80
19,45,0.014460154241645245,80
16,43,0.013817480719794344,80
20,40,0.012853470437017995,80
18,26,0.008354755784061696,80
4,22,0.007069408740359897,80
17,22,0.007069408740359897,80
12,19,0.006105398457583547,80
1,2108,0.3375500400320256,81
13,1041,0.166693354683747,81
NA,775,0.12409927942353884,81
7,208,0.033306645316253006,81
8,207,0.033146517213771015,81
9,185,0.029623698959167333,81
5,179,0.02866293034427542,81
3,162,0.025940752602081667,81
2,158,0.02530024019215372,81
19,143,0.02289831865492394,81
6,132,0.021136909527622098,81
11,130,0.020816653322658127,81
15,127,0.02033626901521217,81
20,110,0.017614091273018415,81
14,106,0.016973578863090474,81
10,105,0.016813450760608487,81
18,91,0.01457165732586069,81
16,87,0.013931144915932746,81
4,79,0.01265012009607686,81
17,60,0.009607686148919135,81
12,52,0.008326661329063251,81
1,3553,0.4252543387193297,82
13,1200,0.1436265709156194,82
NA,789,0.09443447037701976,82
6,249,0.029802513464991024,82
7,232,0.027767803710353083,82
5,230,0.02752842609216038,82
9,227,0.027169359664871336,82
8,225,0.026929982046678635,82
3,216,0.02585278276481149,82
2,213,0.02549371633752244,82
15,177,0.02118491921005386,82
19,144,0.017235188509874325,82
11,134,0.01603830041891083,82
20,123,0.014721723518850987,82
10,118,0.01412327947336924,82
14,105,0.012567324955116697,82
18,103,0.012327947336923998,82
16,97,0.0116098144823459,82
4,93,0.011131059245960502,82
17,77,0.009216038300418911,82
12,50,0.005984440454817474,82
NA,688,0.7552140504939627,84
1,59,0.06476399560922064,84
13,32,0.03512623490669594,84
5,14,0.015367727771679473,84
9,14,0.015367727771679473,84
3,12,0.013172338090010977,84
8,11,0.012074643249176729,84
15,11,0.012074643249176729,84
2,10,0.010976948408342482,84
10,10,0.010976948408342482,84
7,8,0.008781558726673985,84
18,8,0.008781558726673985,84
20,8,0.008781558726673985,84
16,5,0.005488474204171241,84
4,4,0.0043907793633369925,84
6,4,0.0043907793633369925,84
17,4,0.0043907793633369925,84
19,4,0.0043907793633369925,84
11,2,0.0021953896816684962,84
14,2,0.0021953896816684962,84
12,1,0.0010976948408342481,84
1,2976,0.34966513923158266,85
13,1176,0.138174127599577,85
NA,801,0.09411350017624251,85
9,367,0.0431206673716367,85
5,325,0.03818587710022324,85
2,292,0.0343085418869698,85
7,278,0.03266361179649865,85
15,272,0.031958641757725295,85
6,259,0.030431206673716366,85
8,249,0.029256256609094113,85
3,219,0.025731406415227354,85
19,180,0.021149101163200564,85
11,172,0.020209141111502762,85
10,148,0.01738926095640935,85
20,143,0.016801785924098225,85
14,142,0.016684290917636,85
16,134,0.015744330865938197,85
18,124,0.014569380801315944,85
4,104,0.012219480672071436,85
17,91,0.010692045588062507,85
12,59,0.006932205381271296,85
1,4318,0.2614276200278501,86
13,1844,0.11164255009989707,86
9,970,0.0587273717987528,86
NA,946,0.05727432342435067,86
5,912,0.05521583822728098,86
3,707,0.042804383362596114,86
6,687,0.041593509717261,86
2,668,0.04044317975419265,86
8,647,0.03917176242659078,86
15,616,0.03729490827632136,86
7,567,0.03432826784525035,86
19,465,0.02815281225404129,86
20,436,0.02639704546830538,86
14,434,0.02627595810377187,86
10,429,0.025973239692438095,86
16,402,0.024338560271235696,86
11,376,0.022764424532300053,86
18,356,0.021553550886964944,86
4,335,0.02028213355936308,86
17,238,0.0144093963794878,86
12,164,0.009929163891747896,86
NA,681,0.7668918918918919,87
1,36,0.04054054054054054,87
13,36,0.04054054054054054,87
9,19,0.021396396396396396,87
7,14,0.015765765765765764,87
5,13,0.01463963963963964,87
14,13,0.01463963963963964,87
2,12,0.013513513513513514,87
3,11,0.012387387387387387,87
19,11,0.012387387387387387,87
11,8,0.009009009009009009,87
4,7,0.007882882882882882,87
8,6,0.006756756756756757,87
15,6,0.006756756756756757,87
10,4,0.0045045045045045045,87
18,3,0.0033783783783783786,87
20,3,0.0033783783783783786,87
6,2,0.0022522522522522522,87
12,1,0.0011261261261261261,87
16,1,0.0011261261261261261,87
17,1,0.0011261261261261261,87
NA,685,0.53515625,88
1,183,0.14296875,88
13,136,0.10625,88
5,28,0.021875,88
2,26,0.0203125,88
6,24,0.01875,88
7,24,0.01875,88
9,23,0.01796875,88
15,22,0.0171875,88
8,17,0.01328125,88
3,16,0.0125,88
19,16,0.0125,88
10,14,0.0109375,88
4,12,0.009375,88
16,12,0.009375,88
11,8,0.00625,88
18,8,0.00625,88
20,8,0.00625,88
14,7,0.00546875,88
12,6,0.0046875,88
17,5,0.00390625,88
NA,678,0.9509116409537167,89
1,12,0.016830294530154277,89
5,5,0.0070126227208976155,89
7,4,0.005610098176718092,89
20,4,0.005610098176718092,89
13,3,0.004207573632538569,89
19,3,0.004207573632538569,89
12,2,0.002805049088359046,89
3,1,0.001402524544179523,89
18,1,0.001402524544179523,89
1,2028,0.4730580825752274,90
NA,737,0.17191509213902495,90
13,608,0.14182411943083742,90
2,82,0.019127595054816888,90
3,77,0.01796127828318171,90
5,72,0.016794961511546535,90
19,68,0.015861908094238396,90
7,65,0.015162118031257289,90
8,63,0.01469559132260322,90
6,61,0.014229064613949148,90
9,59,0.013762537905295079,90
10,52,0.01212969442500583,90
11,51,0.011896431070678797,90
15,43,0.010030324236062515,90
18,41,0.009563797527408444,90
14,38,0.008864007464427339,90
16,37,0.008630744110100303,90
20,36,0.008397480755773267,90
4,30,0.006997900629811057,90
12,20,0.004665267086540704,90
17,19,0.004432003732213669,90
NA,692,0.7104722792607803,91
1,98,0.10061601642710473,91
13,30,0.030800821355236138,91
5,17,0.017453798767967144,91
2,15,0.015400410677618069,91
3,12,0.012320328542094456,91
9,12,0.012320328542094456,91
10,12,0.012320328542094456,91
6,11,0.011293634496919919,91
20,11,0.011293634496919919,91
19,10,0.01026694045174538,91
7,9,0.009240246406570842,91
14,9,0.009240246406570842,91
8,8,0.008213552361396304,91
16,7,0.007186858316221766,91
15,6,0.006160164271047228,91
18,6,0.006160164271047228,91
12,4,0.004106776180698152,91
4,3,0.003080082135523614,91
11,2,0.002053388090349076,91
NA,679,0.5987654320987654,92
1,132,0.1164021164021164,92
13,58,0.05114638447971781,92
9,30,0.026455026455026454,92
15,30,0.026455026455026454,92
6,22,0.019400352733686066,92
3,20,0.01763668430335097,92
4,20,0.01763668430335097,92
8,18,0.015873015873015872,92
5,17,0.014991181657848324,92
7,15,0.013227513227513227,92
10,12,0.010582010582010581,92
14,12,0.010582010582010581,92
16,12,0.010582010582010581,92
11,11,0.009700176366843033,92
20,11,0.009700176366843033,92
2,10,0.008818342151675485,92
17,8,0.007054673721340388,92
18,8,0.007054673721340388,92
19,6,0.005291005291005291,92
12,3,0.0026455026455026454,92
1,1288,0.29466941203385955,93
NA,747,0.17089910775566233,93
13,599,0.1370395790436971,93
8,174,0.03980782429649966,93
5,141,0.03225806451612903,93
7,137,0.03134294211850835,93
3,118,0.026996110729810112,93
19,114,0.02608098833218943,93
6,112,0.02562342713337909,93
2,111,0.02539464653397392,93
9,110,0.025165865934568748,93
14,99,0.022649279341111873,93
11,90,0.02059025394646534,93
15,85,0.019446350949439486,93
18,84,0.019217570350034317,93
10,80,0.018302447952413637,93
20,77,0.017616106154198122,93
16,72,0.016472203157172273,93
4,60,0.013726835964310227,93
17,40,0.009151223976206819,93
12,33,0.0075497597803706245,93
NA,694,0.5651465798045603,94
1,143,0.11644951140065146,94
5,81,0.06596091205211727,94
13,49,0.039902280130293157,94
15,33,0.02687296416938111,94
3,26,0.021172638436482084,94
2,25,0.02035830618892508,94
7,24,0.019543973941368076,94
6,21,0.01710097719869707,94
12,17,0.013843648208469055,94
14,15,0.012214983713355049,94
10,14,0.011400651465798045,94
20,14,0.011400651465798045,94
4,13,0.010586319218241042,94
8,13,0.010586319218241042,94
16,10,0.008143322475570033,94
19,10,0.008143322475570033,94
17,9,0.007328990228013029,94
9,8,0.006514657980456026,94
18,6,0.004885993485342019,94
11,3,0.0024429967426710096,94
NA,710,0.2821939586645469,95
1,663,0.2635135135135135,95
13,295,0.11724960254372019,95
8,84,0.033386327503974564,95
5,67,0.026629570747217807,95
6,63,0.025039745627980923,95
9,63,0.025039745627980923,95
2,62,0.0246422893481717,95
7,56,0.022257551669316374,95
15,56,0.022257551669316374,95
3,50,0.01987281399046105,95
16,49,0.019475357710651828,95
19,44,0.017488076311605722,95
20,43,0.017090620031796504,95
11,40,0.01589825119236884,95
10,38,0.015103338632750398,95
14,38,0.015103338632750398,95
4,33,0.013116057233704292,95
18,26,0.010333863275039745,95
17,25,0.009936406995230525,95
12,11,0.0043720190779014305,95
1,1981,0.3487676056338028,96
13,833,0.1466549295774648,96
NA,755,0.1329225352112676,96
8,261,0.045950704225352114,96
5,184,0.0323943661971831,96
6,157,0.027640845070422537,96
3,154,0.027112676056338027,96
2,148,0.026056338028169014,96
7,147,0.025880281690140845,96
9,132,0.02323943661971831,96
11,121,0.02130281690140845,96
20,107,0.018838028169014084,96
19,106,0.018661971830985915,96
14,96,0.016901408450704224,96
18,86,0.015140845070422536,96
10,80,0.014084507042253521,96
16,78,0.013732394366197184,96
15,77,0.013556338028169013,96
4,75,0.013204225352112676,96
17,58,0.010211267605633803,96
12,44,0.007746478873239437,96
NA,677,0.9912152269399708,98
13,2,0.0029282576866764276,98
1,1,0.0014641288433382138,98
5,1,0.0014641288433382138,98
7,1,0.0014641288433382138,98
16,1,0.0014641288433382138,98
NA,678,0.958981612446959,99
1,10,0.014144271570014143,99
13,4,0.005657708628005658,99
7,3,0.004243281471004243,99
2,2,0.002828854314002829,99
5,2,0.002828854314002829,99
8,2,0.002828854314002829,99
4,1,0.0014144271570014145,99
9,1,0.0014144271570014145,99
10,1,0.0014144271570014145,99
11,1,0.0014144271570014145,99
16,1,0.0014144271570014145,99
19,1,0.0014144271570014145,99
